PBIT  %,Target Achieved %,Sales Target (₹),Total Sales (₹),Total Purchase (₹),Sold Qty,PBIT  (₹),Gross Margin,Gross Margin %,Category
4.12%,10.74%,30668467,3292267,2654176,7910,135524.00834468362,643027.6150286198,19.53%,Crop Protection Chemicals
NaN,41.75%,83596657,34902932,34190738,44836,NaN,694898.9706472817,1.99%,Fertilizers
39.69%,26.50%,15131545,4009861,1944292,7169,1591380.153563182,2139040.952674708,53.34%,Organics
-14.06%,2.47%,20760270,513240,530772,490,-72161.78376247334,-2202.8499999999985,-0.43%,Seeds
4.59%,28.05%,17442208,4892963,4332508,8036,224653.78480041018,868149.5399490041,17.74%,Speciality Nutrients
-3.13%,34.83%,2267886,789880,637430,808,-24735.916277108026,150011.34485499444,18.99%,Tools & Implements
-3.49%,161.32%,476655,768920,701100,684,-26870.45191958357,67748,8.81%,Veternary
