PBIT  %,Target Achieved %,Sales Target (₹),Total Sales (₹),Total Purchase (₹),Sold Qty,PBIT  (₹),Gross Margin,Gross Margin %,Category
0.49%,11.09%,54307897,6025078,4964958,16121,29614.5622934051,1070257.5636214686,17.76%,Crop Protection Chemicals
NaN,39.10%,206083473,80581868,77995700,101610,NaN,2562295.2559220726,3.18%,Fertilizers
31.60%,31.56%,30011713,9473162,5685854,19882,2993727.9694628343,4215271.42401236,44.50%,Organics
-11.66%,13.14%,70064618,9209347,9917696,7913,-1073370.612462359,-107443.9435897436,-1.17%,Seeds
NaN,41.32%,34799058,14377584,12925936,20970,NaN,2549527.1095068445,17.73%,Speciality Nutrients
NaN,63.74%,4782358,3048157,2522855,3160,NaN,516931.9024777099,16.96%,Tools & Implements
-30.96%,56.60%,5011955,2836645,2585400,2522,-878183.9027791112,250804,8.84%,Veternary
