PBIT  %,Target Achieved %,Sales Target (₹),Total Sales (₹),Total Purchase (₹),Sold Qty,PBIT  (₹),Gross Margin,Gross Margin %,Category
-21.67%,14.31%,5657061,809743,715652,1639,-175451.62948170706,93902.66024493803,11.60%,Crop Protection Chemicals
-24.47%,45.70%,15346514,7012787,6780382,8735,-1716216.9246930154,230134.4303410047,3.28%,Fertilizers
6.65%,22.01%,2647173,582576,300940,1039,38761.4943908678,299700.985827361,51.44%,Organics
-73.12%,1.83%,2258682,41250,45872,34,-30160.016603670185,-1094,-2.65%,Seeds
-21.81%,23.40%,3763642,880705,807691,1419,-192085.0145544402,145561.1466182894,16.53%,Speciality Nutrients
-35.74%,36.42%,574095,209060,175556,168,-74725.18904038345,32869.068628329616,15.72%,Tools & Implements
-14.04%,117.71%,80229,94435,86100,84,-13259.672972767008,8330.5,8.82%,Veternary
