PBIT  %,Target Achieved %,Sales Target (₹),Total Sales (₹),Total Purchase (₹),Sold Qty,PBIT  (₹),Gross Margin,Gross Margin %,Category
10.97%,10.12%,19651819,1988092,1504338,5022,218037.824601998,488693.65440904704,24.58%,Crop Protection Chemicals
NaN,41.62%,53625112,22316867,21858054,29118,NaN,444497.09204046935,1.99%,Fertilizers
40.96%,25.46%,9809149,2497131,1230544,4431,1022878.5023952908,1313625.5909976573,52.61%,Organics
-11.76%,3.06%,14536962,445190,459540,423,-52368.76576250733,-4508.8499999999985,-1.01%,Seeds
5.76%,31.33%,10747445,3366776,2968976,5510,193849.96002208858,555852.8679308837,16.51%,Speciality Nutrients
5.59%,36.31%,1330836,483285,382189,514,27001.24491110735,99456.97975794172,20.58%,Tools & Implements
-10.24%,163.09%,311477,507985,463300,452,-52039.801040072816,44653.5,8.79%,Veternary
